link,model
https://automobili.ru/cars/catalog/aston_martin/db11/,aston_martin db11
https://automobili.ru/cars/catalog/aston_martin/dbs-superleggera/,aston_martin dbs-superleggera
https://automobili.ru/cars/catalog/aston_martin/vantage/,aston_martin vantage
https://automobili.ru/cars/catalog/audi/Q5/,audi Q5
https://automobili.ru/cars/catalog/audi/a3/,audi a3
https://automobili.ru/cars/catalog/audi/a4/,audi a4
https://automobili.ru/cars/catalog/audi/a4_allroad/,audi a4_allroad
https://automobili.ru/cars/catalog/audi/a5/,audi a5
https://automobili.ru/cars/catalog/audi/a6/,audi a6
https://automobili.ru/cars/catalog/audi/a7/,audi a7
https://automobili.ru/cars/catalog/audi/a8/,audi a8
https://automobili.ru/cars/catalog/audi/q3/,audi q3
https://automobili.ru/cars/catalog/audi/q7/,audi q7
https://automobili.ru/cars/catalog/audi/q8/,audi q8
https://automobili.ru/cars/catalog/audi/rs-5/,audi rs-5
https://automobili.ru/cars/catalog/audi/rs4-avant/,audi rs4-avant
https://automobili.ru/cars/catalog/audi/s5/,audi s5
https://automobili.ru/cars/catalog/audi/sq5/,audi sq5
https://automobili.ru/cars/catalog/bentley/bentayga/,bentley bentayga
https://automobili.ru/cars/catalog/bentley/continental-gt/,bentley continental-gt
https://automobili.ru/cars/catalog/bentley/continental_flying_spur/,bentley continental_flying_spur
https://automobili.ru/cars/catalog/bentley/mulsanne/,bentley mulsanne
https://automobili.ru/cars/catalog/bmw/2-series/,bmw 2-series
https://automobili.ru/cars/catalog/bmw/3_series-sedan/,bmw 3_series-sedan
https://automobili.ru/cars/catalog/bmw/4-series/,bmw 4-series
https://automobili.ru/cars/catalog/bmw/5-series/,bmw 5-series
https://automobili.ru/cars/catalog/bmw/6-series-gt/,bmw 6-series-gt
https://automobili.ru/cars/catalog/bmw/7-series/,bmw 7-series
https://automobili.ru/cars/catalog/bmw/8-series/,bmw 8-series
https://automobili.ru/cars/catalog/bmw/m2/,bmw m2
https://automobili.ru/cars/catalog/bmw/m4-competition/,bmw m4-competition
https://automobili.ru/cars/catalog/bmw/m5/,bmw m5
https://automobili.ru/cars/catalog/bmw/m8/,bmw m8
https://automobili.ru/cars/catalog/bmw/x1/,bmw x1
https://automobili.ru/cars/catalog/bmw/x2/,bmw x2
https://automobili.ru/cars/catalog/bmw/x3/,bmw x3
https://automobili.ru/cars/catalog/bmw/x3-m/,bmw x3-m
https://automobili.ru/cars/catalog/bmw/x4/,bmw x4
https://automobili.ru/cars/catalog/bmw/x4-m/,bmw x4-m
https://automobili.ru/cars/catalog/bmw/x5-2013/,bmw x5-2013
https://automobili.ru/cars/catalog/bmw/x5-m/,bmw x5-m
https://automobili.ru/cars/catalog/bmw/x6/,bmw x6
https://automobili.ru/cars/catalog/bmw/x6-m/,bmw x6-m
https://automobili.ru/cars/catalog/bmw/x7/,bmw x7
https://automobili.ru/cars/catalog/bmw/z4/,bmw z4
https://automobili.ru/cars/catalog/bugatti/chiron/,bugatti chiron
https://automobili.ru/cars/catalog/bugatti/veyron/,bugatti veyron
https://automobili.ru/cars/catalog/cadillac/escalade/,cadillac escalade
https://automobili.ru/cars/catalog/cadillac/xt4/,cadillac xt4
https://automobili.ru/cars/catalog/cadillac/xt5/,cadillac xt5
https://automobili.ru/cars/catalog/cadillac/xt6/,cadillac xt6
https://automobili.ru/cars/catalog/changan/cs35-plus/,changan cs35-plus
https://automobili.ru/cars/catalog/changan/cs55/,changan cs55
https://automobili.ru/cars/catalog/changan/cs75-fl/,changan cs75-fl
https://automobili.ru/cars/catalog/chery/tiggo-4/,chery tiggo-4
https://automobili.ru/cars/catalog/chery/tiggo-7-pro/,chery tiggo-7-pro
https://automobili.ru/cars/catalog/chery/tiggo-8/,chery tiggo-8
https://automobili.ru/cars/catalog/cheryexeed/txl/,cheryexeed txl
https://automobili.ru/cars/catalog/cheryexeed/vx/,cheryexeed vx
https://automobili.ru/cars/catalog/chevrolet/cobalt/,chevrolet cobalt
https://automobili.ru/cars/catalog/chevrolet/nexia-uz/,chevrolet nexia-uz
https://automobili.ru/cars/catalog/chevrolet/spark/,chevrolet spark
https://automobili.ru/cars/catalog/chevrolet/tahoe/,chevrolet tahoe
https://automobili.ru/cars/catalog/chevrolet/traverse/,chevrolet traverse
https://automobili.ru/cars/catalog/citroen/c3-aircross/,citroen c3-aircross
https://automobili.ru/cars/catalog/citroen/c4/,citroen c4
https://automobili.ru/cars/catalog/citroen/c5-aircross/,citroen c5-aircross
https://automobili.ru/cars/catalog/citroen/spacetourer/,citroen spacetourer
https://automobili.ru/cars/catalog/dongfeng/580/,dongfeng 580
https://automobili.ru/cars/catalog/dongfeng/ax7/,dongfeng ax7
https://automobili.ru/cars/catalog/faw/besturn-x40/,faw besturn-x40
https://automobili.ru/cars/catalog/faw/besturn-x80/,faw besturn-x80
https://automobili.ru/cars/catalog/ferrari/812-superfast/,ferrari 812-superfast
https://automobili.ru/cars/catalog/ferrari/Ferrari_488/,ferrari Ferrari_488
https://automobili.ru/cars/catalog/ferrari/f12-tdf/,ferrari f12-tdf
https://automobili.ru/cars/catalog/ferrari/gtc4lusso/,ferrari gtc4lusso
https://automobili.ru/cars/catalog/ferrari/portofino/,ferrari portofino
https://automobili.ru/cars/catalog/fiat/50049d9bbaf252db/,fiat 50049d9bbaf252db
https://automobili.ru/cars/catalog/fiat/doblo/,fiat doblo
https://automobili.ru/cars/catalog/fiat/ducato-1/,fiat ducato-1
https://automobili.ru/cars/catalog/fiat/fullback/,fiat fullback
https://automobili.ru/cars/catalog/gas/1994/,gas 1994
https://automobili.ru/cars/catalog/gas/sobol-business/,gas sobol-business
https://automobili.ru/cars/catalog/geely/atlas/,geely atlas
https://automobili.ru/cars/catalog/geely/coolray/,geely coolray
https://automobili.ru/cars/catalog/geely/emgrand-x7/,geely emgrand-x7
https://automobili.ru/cars/catalog/geely/gs/,geely gs
https://automobili.ru/cars/catalog/geely/tugella/,geely tugella
https://automobili.ru/cars/catalog/genesis/g70/,genesis g70
https://automobili.ru/cars/catalog/genesis/g80/,genesis g80
https://automobili.ru/cars/catalog/genesis/g90/,genesis g90
https://automobili.ru/cars/catalog/genesis/gv80/,genesis gv80
https://automobili.ru/cars/catalog/haval/f7/,haval f7
https://automobili.ru/cars/catalog/haval/f7x/,haval f7x
https://automobili.ru/cars/catalog/haval/h5/,haval h5
https://automobili.ru/cars/catalog/haval/h9/,haval h9
https://automobili.ru/cars/catalog/honda/cr-v/,honda cr-v
https://automobili.ru/cars/catalog/honda/pilot/,honda pilot
https://automobili.ru/cars/catalog/hyundai/creta/,hyundai creta
https://automobili.ru/cars/catalog/hyundai/elantra/,hyundai elantra
https://automobili.ru/cars/catalog/hyundai/h-1/,hyundai h-1
https://automobili.ru/cars/catalog/hyundai/i30n/,hyundai i30n
https://automobili.ru/cars/catalog/hyundai/ix35/,hyundai ix35
https://automobili.ru/cars/catalog/hyundai/santa_fe/,hyundai santa_fe
https://automobili.ru/cars/catalog/hyundai/solaris/,hyundai solaris
https://automobili.ru/cars/catalog/hyundai/sonata/,hyundai sonata
https://automobili.ru/cars/catalog/hyundai/tucson-n-line/,hyundai tucson-n-line
https://automobili.ru/cars/catalog/infiniti/qx50/,infiniti qx50
https://automobili.ru/cars/catalog/infiniti/qx60/,infiniti qx60
https://automobili.ru/cars/catalog/infiniti/qx80/,infiniti qx80
https://automobili.ru/cars/catalog/isuzu/d-max/,isuzu d-max
https://automobili.ru/cars/catalog/jac/j7/,jac j7
https://automobili.ru/cars/catalog/jac/jacs5/,jac jacs5
https://automobili.ru/cars/catalog/jac/s3/,jac s3
https://automobili.ru/cars/catalog/jac/s7/,jac s7
https://automobili.ru/cars/catalog/jac/t6/,jac t6
https://automobili.ru/cars/catalog/jaguar/e-pace/,jaguar e-pace
https://automobili.ru/cars/catalog/jaguar/f-pace/,jaguar f-pace
https://automobili.ru/cars/catalog/jaguar/f-pace-svr/,jaguar f-pace-svr
https://automobili.ru/cars/catalog/jaguar/f-type51dbcc916afac/,jaguar f-type51dbcc916afac
https://automobili.ru/cars/catalog/jaguar/i-pace-ev400/,jaguar i-pace-ev400
https://automobili.ru/cars/catalog/jaguar/the-f-type-svr/,jaguar the-f-type-svr
https://automobili.ru/cars/catalog/jaguar/xe/,jaguar xe
https://automobili.ru/cars/catalog/jaguar/xf/,jaguar xf
https://automobili.ru/cars/catalog/jaguar/xj/,jaguar xj
https://automobili.ru/cars/catalog/jeep/compass/,jeep compass
https://automobili.ru/cars/catalog/jeep/grand_cherokee/,jeep grand_cherokee
https://automobili.ru/cars/catalog/jeep/grand_cherokee_SRT/,jeep grand_cherokee_SRT
https://automobili.ru/cars/catalog/jeep/grand_cherokee_trackhawk/,jeep grand_cherokee_trackhawk
https://automobili.ru/cars/catalog/jeep/renegade/,jeep renegade
https://automobili.ru/cars/catalog/jeep/wrangler/,jeep wrangler
https://automobili.ru/cars/catalog/kia/cee-d/,kia cee-d
https://automobili.ru/cars/catalog/kia/cerato/,kia cerato
https://automobili.ru/cars/catalog/kia/k5/,kia k5
https://automobili.ru/cars/catalog/kia/k900/,kia k900
https://automobili.ru/cars/catalog/kia/mohave/,kia mohave
https://automobili.ru/cars/catalog/kia/picanto/,kia picanto
https://automobili.ru/cars/catalog/kia/proceed/,kia proceed
https://automobili.ru/cars/catalog/kia/rio-x-line/,kia rio-x-line
https://automobili.ru/cars/catalog/kia/rio_new/,kia rio_new
https://automobili.ru/cars/catalog/kia/seltos/,kia seltos
https://automobili.ru/cars/catalog/kia/sorento_new/,kia sorento_new
https://automobili.ru/cars/catalog/kia/soul4a4b362f8d865/,kia soul4a4b362f8d865
https://automobili.ru/cars/catalog/kia/sportage/,kia sportage
https://automobili.ru/cars/catalog/kia/stinger/,kia stinger
https://automobili.ru/cars/catalog/kia/xceed/,kia xceed
https://automobili.ru/cars/catalog/lada/4x4/,lada 4x4
https://automobili.ru/cars/catalog/lada/granta-cross/,lada granta-cross
https://automobili.ru/cars/catalog/lada/granta-sedan/,lada granta-sedan
https://automobili.ru/cars/catalog/lada/largus-cross/,lada largus-cross
https://automobili.ru/cars/catalog/lada/largus-wagon/,lada largus-wagon
https://automobili.ru/cars/catalog/lada/vesta/,lada vesta
https://automobili.ru/cars/catalog/lada/vesta-cross/,lada vesta-cross
https://automobili.ru/cars/catalog/lada/xray/,lada xray
https://automobili.ru/cars/catalog/lada/xray-cross/,lada xray-cross
https://automobili.ru/cars/catalog/lamborghini/aventador4fcc6cda19e07/,lamborghini aventador4fcc6cda19e07
https://automobili.ru/cars/catalog/lamborghini/lamborghini_huracan_53cfb3484d706/,lamborghini lamborghini_huracan_53cfb3484d706
https://automobili.ru/cars/catalog/lamborghini/urus/,lamborghini urus
https://automobili.ru/cars/catalog/land_rover/defender/,land_rover defender
https://automobili.ru/cars/catalog/land_rover/discovery/,land_rover discovery
https://automobili.ru/cars/catalog/land_rover/discovery-sport/,land_rover discovery-sport
https://automobili.ru/cars/catalog/land_rover/range-rover-phev/,land_rover range-rover-phev
https://automobili.ru/cars/catalog/land_rover/range_rover/,land_rover range_rover
https://automobili.ru/cars/catalog/land_rover/range_rover_evoque/,land_rover range_rover_evoque
https://automobili.ru/cars/catalog/land_rover/range_rover_sport/,land_rover range_rover_sport
https://automobili.ru/cars/catalog/land_rover/range_rover_sport_%20SVR/,land_rover range_rover_sport_%20SVR
https://automobili.ru/cars/catalog/land_rover/the-range-rover-velar/,land_rover the-range-rover-velar
https://automobili.ru/cars/catalog/lexus/es/,lexus es
https://automobili.ru/cars/catalog/lexus/gx/,lexus gx
https://automobili.ru/cars/catalog/lexus/lc-500/,lexus lc-500
https://automobili.ru/cars/catalog/lexus/ls/,lexus ls
https://automobili.ru/cars/catalog/lexus/lx/,lexus lx
https://automobili.ru/cars/catalog/lexus/nx/,lexus nx
https://automobili.ru/cars/catalog/lexus/nx-300h/,lexus nx-300h
https://automobili.ru/cars/catalog/lexus/rx/,lexus rx
https://automobili.ru/cars/catalog/lexus/rx-450h/,lexus rx-450h
https://automobili.ru/cars/catalog/lexus/ux/,lexus ux
https://automobili.ru/cars/catalog/lexus/ux-250h/,lexus ux-250h
https://automobili.ru/cars/catalog/lifan/murman/,lifan murman
https://automobili.ru/cars/catalog/lifan/myway/,lifan myway
https://automobili.ru/cars/catalog/lifan/solano-new/,lifan solano-new
https://automobili.ru/cars/catalog/lifan/x-50/,lifan x-50
https://automobili.ru/cars/catalog/lifan/x-60/,lifan x-60
https://automobili.ru/cars/catalog/lifan/x70/,lifan x70
https://automobili.ru/cars/catalog/lotus/elise/,lotus elise
https://automobili.ru/cars/catalog/lotus/evora/,lotus evora
https://automobili.ru/cars/catalog/lotus/exige/,lotus exige
https://automobili.ru/cars/catalog/maserati/Ghibli/,maserati Ghibli
https://automobili.ru/cars/catalog/maserati/levante/,maserati levante
https://automobili.ru/cars/catalog/maserati/quattroporte/,maserati quattroporte
https://automobili.ru/cars/catalog/maserati/quattroporte-gts/,maserati quattroporte-gts
https://automobili.ru/cars/catalog/mazda/6/,mazda 6
https://automobili.ru/cars/catalog/mazda/cx-30/,mazda cx-30
https://automobili.ru/cars/catalog/mazda/cx-5/,mazda cx-5
https://automobili.ru/cars/catalog/mazda/cx-949a7b571af94c/,mazda cx-949a7b571af94c
https://automobili.ru/cars/catalog/mercedes-benz/CLA-Class/,mercedes-benz CLA-Class
https://automobili.ru/cars/catalog/mercedes-benz/CLA-Class-AMG/,mercedes-benz CLA-Class-AMG
https://automobili.ru/cars/catalog/mercedes-benz/GLA-AMG/,mercedes-benz GLA-AMG
https://automobili.ru/cars/catalog/mercedes-benz/a-amg/,mercedes-benz a-amg
https://automobili.ru/cars/catalog/mercedes-benz/a-class/,mercedes-benz a-class
https://automobili.ru/cars/catalog/mercedes-benz/amg-gt/,mercedes-benz amg-gt
https://automobili.ru/cars/catalog/mercedes-benz/c-43-amg/,mercedes-benz c-43-amg
https://automobili.ru/cars/catalog/mercedes-benz/c-class/,mercedes-benz c-class
https://automobili.ru/cars/catalog/mercedes-benz/cls-class/,mercedes-benz cls-class
https://automobili.ru/cars/catalog/mercedes-benz/cls-class_amg/,mercedes-benz cls-class_amg
https://automobili.ru/cars/catalog/mercedes-benz/e-all-terrain/,mercedes-benz e-all-terrain
https://automobili.ru/cars/catalog/mercedes-benz/e-class/,mercedes-benz e-class
https://automobili.ru/cars/catalog/mercedes-benz/e-class-amg-63/,mercedes-benz e-class-amg-63
https://automobili.ru/cars/catalog/mercedes-benz/g-class/,mercedes-benz g-class
https://automobili.ru/cars/catalog/mercedes-benz/g-class_amg/,mercedes-benz g-class_amg
https://automobili.ru/cars/catalog/mercedes-benz/gla/,mercedes-benz gla
https://automobili.ru/cars/catalog/mercedes-benz/glb/,mercedes-benz glb
https://automobili.ru/cars/catalog/mercedes-benz/glc/,mercedes-benz glc
https://automobili.ru/cars/catalog/mercedes-benz/glc-Class-AMG/,mercedes-benz glc-Class-AMG
https://automobili.ru/cars/catalog/mercedes-benz/glc-amg-coupe-/,mercedes-benz glc-amg-coupe-
https://automobili.ru/cars/catalog/mercedes-benz/glc-coupe/,mercedes-benz glc-coupe
https://automobili.ru/cars/catalog/mercedes-benz/gle-amg/,mercedes-benz gle-amg
https://automobili.ru/cars/catalog/mercedes-benz/gle-class-amg-coupe/,mercedes-benz gle-class-amg-coupe
https://automobili.ru/cars/catalog/mercedes-benz/gls/,mercedes-benz gls
https://automobili.ru/cars/catalog/mercedes-benz/gls-amg/,mercedes-benz gls-amg
https://automobili.ru/cars/catalog/mercedes-benz/gls-maybach/,mercedes-benz gls-maybach
https://automobili.ru/cars/catalog/mercedes-benz/s-class/,mercedes-benz s-class
https://automobili.ru/cars/catalog/mercedes-benz/the-gle/,mercedes-benz the-gle
https://automobili.ru/cars/catalog/mercedes-benz/the-gle-coupe/,mercedes-benz the-gle-coupe
https://automobili.ru/cars/catalog/mercedes-benz/v-class/,mercedes-benz v-class
https://automobili.ru/cars/catalog/mercedes-benz/v-vip/,mercedes-benz v-vip
https://automobili.ru/cars/catalog/mini/JCW-Clubman/,mini JCW-Clubman
https://automobili.ru/cars/catalog/mini/JCW-Countryman/,mini JCW-Countryman
https://automobili.ru/cars/catalog/mini/clubman/,mini clubman
https://automobili.ru/cars/catalog/mini/john-cooper-works-mini/,mini john-cooper-works-mini
https://automobili.ru/cars/catalog/mini/mini/,mini mini
https://automobili.ru/cars/catalog/mini/one_countryman4f8c0ef66f880/,mini one_countryman4f8c0ef66f880
https://automobili.ru/cars/catalog/mitsubishi/asx/,mitsubishi asx
https://automobili.ru/cars/catalog/mitsubishi/eclipse-cross/,mitsubishi eclipse-cross
https://automobili.ru/cars/catalog/mitsubishi/l200/,mitsubishi l200
https://automobili.ru/cars/catalog/mitsubishi/outlander5166ac82411b6/,mitsubishi outlander5166ac82411b6
https://automobili.ru/cars/catalog/mitsubishi/pajero_sport_new/,mitsubishi pajero_sport_new
https://automobili.ru/cars/catalog/nissan/murano/,nissan murano
https://automobili.ru/cars/catalog/nissan/qashqai/,nissan qashqai
https://automobili.ru/cars/catalog/nissan/terrano/,nissan terrano
https://automobili.ru/cars/catalog/nissan/x-trail_ii/,nissan x-trail_ii
https://automobili.ru/cars/catalog/opel/grandland-x/,opel grandland-x
https://automobili.ru/cars/catalog/opel/zafira-life/,opel zafira-life
https://automobili.ru/cars/catalog/peugeot/2008/,peugeot 2008
https://automobili.ru/cars/catalog/peugeot/3008/,peugeot 3008
https://automobili.ru/cars/catalog/peugeot/3008-new/,peugeot 3008-new
https://automobili.ru/cars/catalog/peugeot/4084ffea7b6b179c/,peugeot 4084ffea7b6b179c
https://automobili.ru/cars/catalog/peugeot/5008-new/,peugeot 5008-new
https://automobili.ru/cars/catalog/peugeot/five-thousand-eight/,peugeot five-thousand-eight
https://automobili.ru/cars/catalog/peugeot/traveller/,peugeot traveller
https://automobili.ru/cars/catalog/porsche/718-boxster/,porsche 718-boxster
https://automobili.ru/cars/catalog/porsche/718-cayman/,porsche 718-cayman
https://automobili.ru/cars/catalog/porsche/911/,porsche 911
https://automobili.ru/cars/catalog/porsche/cayenne/,porsche cayenne
https://automobili.ru/cars/catalog/porsche/cayenne-coupe/,porsche cayenne-coupe
https://automobili.ru/cars/catalog/porsche/cayenne-s-e-Hybrid/,porsche cayenne-s-e-Hybrid
https://automobili.ru/cars/catalog/porsche/cayenne-turbo/,porsche cayenne-turbo
https://automobili.ru/cars/catalog/porsche/cayenne-turbo-coupe/,porsche cayenne-turbo-coupe
https://automobili.ru/cars/catalog/porsche/macan/,porsche macan
https://automobili.ru/cars/catalog/porsche/panamera/,porsche panamera
https://automobili.ru/cars/catalog/porsche/panamera-turbo/,porsche panamera-turbo
https://automobili.ru/cars/catalog/porsche/panamera_e-hybrid/,porsche panamera_e-hybrid
https://automobili.ru/cars/catalog/renault/arkana/,renault arkana
https://automobili.ru/cars/catalog/renault/duster/,renault duster
https://automobili.ru/cars/catalog/renault/kaptur/,renault kaptur
https://automobili.ru/cars/catalog/renault/logan-2012/,renault logan-2012
https://automobili.ru/cars/catalog/renault/logan-stepway/,renault logan-stepway
https://automobili.ru/cars/catalog/renault/sandero/,renault sandero
https://automobili.ru/cars/catalog/renault/sandero_stepway/,renault sandero_stepway
https://automobili.ru/cars/catalog/rolls-royce/cullinan/,rolls-royce cullinan
https://automobili.ru/cars/catalog/rolls-royce/dawn/,rolls-royce dawn
https://automobili.ru/cars/catalog/rolls-royce/ghost/,rolls-royce ghost
https://automobili.ru/cars/catalog/rolls-royce/phantom/,rolls-royce phantom
https://automobili.ru/cars/catalog/rolls-royce/wraith/,rolls-royce wraith
https://automobili.ru/cars/catalog/skoda/karoq/,skoda karoq
https://automobili.ru/cars/catalog/skoda/kodiaq/,skoda kodiaq
https://automobili.ru/cars/catalog/skoda/octavia/,skoda octavia
https://automobili.ru/cars/catalog/skoda/rapid/,skoda rapid
https://automobili.ru/cars/catalog/skoda/superb/,skoda superb
https://automobili.ru/cars/catalog/smart/Fortwo/,smart Fortwo
https://automobili.ru/cars/catalog/smart/forfour/,smart forfour
https://automobili.ru/cars/catalog/subaru/forester/,subaru forester
https://automobili.ru/cars/catalog/subaru/legacy/,subaru legacy
https://automobili.ru/cars/catalog/subaru/outback/,subaru outback
https://automobili.ru/cars/catalog/subaru/wrx4f7ec0da823a0/,subaru wrx4f7ec0da823a0
https://automobili.ru/cars/catalog/subaru/wrx_sti4f7ec0f6318cc/,subaru wrx_sti4f7ec0f6318cc
https://automobili.ru/cars/catalog/subaru/xv_new/,subaru xv_new
https://automobili.ru/cars/catalog/suzuki/jimny/,suzuki jimny
https://automobili.ru/cars/catalog/suzuki/sx4new52e6432139223/,suzuki sx4new52e6432139223
https://automobili.ru/cars/catalog/suzuki/vitara/,suzuki vitara
https://automobili.ru/cars/catalog/toyota/alphard/,toyota alphard
https://automobili.ru/cars/catalog/toyota/camry/,toyota camry
https://automobili.ru/cars/catalog/toyota/corolla/,toyota corolla
https://automobili.ru/cars/catalog/toyota/fortuner/,toyota fortuner
https://automobili.ru/cars/catalog/toyota/hiace/,toyota hiace
https://automobili.ru/cars/catalog/toyota/highlander/,toyota highlander
https://automobili.ru/cars/catalog/toyota/hilux/,toyota hilux
https://automobili.ru/cars/catalog/toyota/land_cruiser_200/,toyota land_cruiser_200
https://automobili.ru/cars/catalog/toyota/land_cruiser_prado/,toyota land_cruiser_prado
https://automobili.ru/cars/catalog/toyota/rav4/,toyota rav4
https://automobili.ru/cars/catalog/toyota/the-c-hr/,toyota the-c-hr
https://automobili.ru/cars/catalog/uaz/bukhanka/,uaz bukhanka
https://automobili.ru/cars/catalog/uaz/hunter/,uaz hunter
https://automobili.ru/cars/catalog/uaz/patriot/,uaz patriot
https://automobili.ru/cars/catalog/uaz/pickup/,uaz pickup
https://automobili.ru/cars/catalog/volkswagen/amarok/,volkswagen amarok
https://automobili.ru/cars/catalog/volkswagen/caddy/,volkswagen caddy
https://automobili.ru/cars/catalog/volkswagen/caddy-commercial/,volkswagen caddy-commercial
https://automobili.ru/cars/catalog/volkswagen/california4a1e41b222e9b/,volkswagen california4a1e41b222e9b
https://automobili.ru/cars/catalog/volkswagen/caravelle4a1e6c0f7fc23/,volkswagen caravelle4a1e6c0f7fc23
https://automobili.ru/cars/catalog/volkswagen/jetta/,volkswagen jetta
https://automobili.ru/cars/catalog/volkswagen/multivan/,volkswagen multivan
https://automobili.ru/cars/catalog/volkswagen/passat/,volkswagen passat
https://automobili.ru/cars/catalog/volkswagen/polo/,volkswagen polo
https://automobili.ru/cars/catalog/volkswagen/tiguan/,volkswagen tiguan
https://automobili.ru/cars/catalog/volkswagen/touareg/,volkswagen touareg
https://automobili.ru/cars/catalog/volkswagen/transporter-kombi/,volkswagen transporter-kombi
https://automobili.ru/cars/catalog/volvo/s60/,volvo s60
https://automobili.ru/cars/catalog/volvo/s90/,volvo s90
https://automobili.ru/cars/catalog/volvo/v60/,volvo v60
https://automobili.ru/cars/catalog/volvo/v90-cross-country/,volvo v90-cross-country
https://automobili.ru/cars/catalog/volvo/xc40/,volvo xc40
https://automobili.ru/cars/catalog/volvo/xc60/,volvo xc60
https://automobili.ru/cars/catalog/volvo/xc90/,volvo xc90
https://automobili.ru/cars/catalog/volvo/xc90-twinengine/,volvo xc90-twinengine
